{
 "canvas": [
  1024,
  1345
 ],
 "body_open": {
  "pos": [
   19,
   34
  ],
  "size": [
   984,
   1096
  ]
 },
 "arm_key": {
  "pos": [
   591,
   934
  ],
  "size": [
   202,
   158
  ]
 },
 "arm_right": {
  "pos": [
   217,
   934
  ],
  "size": [
   202,
   158
  ],
  "top": [
   168.53658536585365,
   0.0
  ],
  "bottom": [
   37.09473684210526,
   157.0
  ]
 },
 "arm_right_typing": {
  "pos": [
   498,
   957
  ],
  "size": [
   202,
   158
  ]
 },
 "arm_pen": {
  "pos": [
   221,
   945
  ],
  "size": [
   58,
   174
  ],
  "pen_tip": [
   50.2,
   172.0
  ]
 },
 "pupils": {
  "pos": [
   340,
   563
  ],
  "size": [
   343,
   64
  ]
 },
 "eyes_closed": {
  "pos": [
   313,
   534
  ],
  "size": [
   404,
   133
  ]
 },
 "desk": {
  "pos": [
   0,
   0
  ],
  "size": [
   1024,
   1345
  ]
 },
 "overlays": [
  "eyes_closed"
 ]
}